{"format_version":"1.8.0","animations":{"animation.geyser_custom.geo_8bcd2ee.thirdperson_main_hand":{"loop":true,"bones":{"geyser_custom_x":{"rotation":[-45,0,0],"position":[15.5,0,1.5],"scale":[2,2,2]},"geyser_custom_y":{"rotation":[0,-0,0]},"geyser_custom_z":{"rotation":[0,0,90]},"geyser_custom":{"rotation":[90,0,0],"position":[0,13,-3]}}},"animation.geyser_custom.geo_8bcd2ee.thirdperson_off_hand":{"loop":true,"bones":{"geyser_custom_x":{"rotation":[-45,0,0],"position":[15.5,0,1.5],"scale":[2,2,2]},"geyser_custom_y":{"rotation":[0,-0,0]},"geyser_custom_z":{"rotation":[0,0,-90]},"geyser_custom":{"rotation":[90,0,0],"position":[0,13,-3]}}},"animation.geyser_custom.geo_8bcd2ee.head":{"loop":true,"bones":{"geyser_custom_x":{"rotation":[-0,0,0],"position":[-0,10,-4.84375],"scale":[1.25,1.25,1.25]},"geyser_custom_y":{"rotation":[0,135,0]},"geyser_custom_z":{"rotation":[0,0,0]},"geyser_custom":{"position":[0,19.9,0]}}},"animation.geyser_custom.geo_8bcd2ee.firstperson_main_hand":{"loop":true,"bones":{"geyser_custom":{"rotation":[90,60,-40],"position":[4,10,4],"scale":1.5},"geyser_custom_x":{"position":[5.25,-7.25,1],"rotation":[-0,0,0],"scale":[2,2,2]},"geyser_custom_y":{"rotation":[0,-0,0]},"geyser_custom_z":{"rotation":[0,0,90]}}},"animation.geyser_custom.geo_8bcd2ee.firstperson_off_hand":{"loop":true,"bones":{"geyser_custom":{"rotation":[90,60,-40],"position":[4,10,4],"scale":1.5},"geyser_custom_x":{"position":[-5.25,-7.25,1],"rotation":[-90,0,0],"scale":[2,2,2]},"geyser_custom_y":{"rotation":[0,-0,0]},"geyser_custom_z":{"rotation":[0,0,90]}}}}}
